Version,File Name,Method Name,LOC,Statements Count,Cyclomatic Complexity,Nesting Depth,Number of Branches,Parameter Count,Return Statements,Method Invocations,Distinct Method Invocations,Local Variable Declarations,Has Javadoc,Method Histories,Authors,Stmt Added,Stmt Deleted,Churn,Buggy
0,/home/luca/ISW2/bookkeeper/hedwig-server/src/test/java/org/apache/hedwig/server/PubSubServerStandAloneTestBase.java,isStandalone,4,2,1,0,0,0,1,0,0,0,false,2,2,64,2,66,?
0,/home/luca/ISW2/bookkeeper/hedwig-server/src/test/java/org/apache/hedwig/server/PubSubServerStandAloneTestBase.java,setUp,7,4,1,0,0,0,0,3,2,0,false,2,2,64,2,66,?
0,/home/luca/ISW2/bookkeeper/hedwig-server/src/test/java/org/apache/hedwig/server/PubSubServerStandAloneTestBase.java,tearDown,7,4,1,0,0,0,0,4,3,0,false,2,2,64,2,66,?
0,/home/luca/ISW2/bookkeeper/hedwig-server/src/test/java/org/apache/hedwig/server/HedwigHubTestBase.java,getServerPort,4,2,1,0,0,0,1,0,0,0,false,3,2,138,4,142,?
0,/home/luca/ISW2/bookkeeper/hedwig-server/src/test/java/org/apache/hedwig/server/HedwigHubTestBase.java,getSSLServerPort,4,2,1,0,0,0,1,0,0,0,false,3,2,138,4,142,?
0,/home/luca/ISW2/bookkeeper/hedwig-server/src/test/java/org/apache/hedwig/server/HedwigHubTestBase.java,getZkHost,4,2,1,0,0,0,1,1,1,0,false,3,2,138,4,142,?
0,/home/luca/ISW2/bookkeeper/hedwig-server/src/test/java/org/apache/hedwig/server/HedwigHubTestBase.java,isSSLEnabled,4,2,1,0,0,0,1,0,0,0,false,3,2,138,4,142,?
0,/home/luca/ISW2/bookkeeper/hedwig-server/src/test/java/org/apache/hedwig/server/HedwigHubTestBase.java,getCertName,4,2,1,0,0,0,1,0,0,0,false,3,2,138,4,142,?
0,/home/luca/ISW2/bookkeeper/hedwig-server/src/test/java/org/apache/hedwig/server/HedwigHubTestBase.java,getPassword,4,2,1,0,0,0,1,0,0,0,false,3,2,138,4,142,?
0,/home/luca/ISW2/bookkeeper/hedwig-server/src/test/java/org/apache/hedwig/server/HedwigHubTestBase.java,getServerConfiguration,3,2,1,0,0,2,1,0,0,0,false,3,2,138,4,142,?
0,/home/luca/ISW2/bookkeeper/hedwig-server/src/test/java/org/apache/hedwig/server/HedwigHubTestBase.java,setUp,13,9,2,1,1,0,0,6,5,1,false,3,2,138,4,142,?
0,/home/luca/ISW2/bookkeeper/hedwig-server/src/test/java/org/apache/hedwig/server/HedwigHubTestBase.java,tearDown,11,7,2,1,1,0,0,5,4,1,false,3,2,138,4,142,?
0,/home/luca/ISW2/bookkeeper/hedwig-server/src/test/java/org/apache/hedwig/server/netty/TestPubSubServer.java,testSecondServer,10,5,1,0,0,0,1,2,2,1,false,3,2,276,16,292,?
0,/home/luca/ISW2/bookkeeper/hedwig-server/src/test/java/org/apache/hedwig/server/netty/TestPubSubServer.java,getServerPort,4,2,1,0,0,0,1,1,1,0,false,3,2,276,16,292,?
0,/home/luca/ISW2/bookkeeper/hedwig-server/src/test/java/org/apache/hedwig/server/netty/TestPubSubServer.java,uncaughtException,4,2,1,0,0,2,0,1,1,0,false,3,2,276,16,292,?
0,/home/luca/ISW2/bookkeeper/hedwig-server/src/test/java/org/apache/hedwig/server/netty/TestPubSubServer.java,instantiateTopicManager,1,0,1,0,0,0,0,0,0,0,false,3,2,276,16,292,?
0,/home/luca/ISW2/bookkeeper/hedwig-server/src/test/java/org/apache/hedwig/server/netty/TestPubSubServer.java,startServer,19,7,1,0,0,3,3,1,1,1,false,3,2,276,16,292,?
0,/home/luca/ISW2/bookkeeper/hedwig-server/src/test/java/org/apache/hedwig/server/netty/TestPubSubServer.java,getServerPort,4,2,1,0,0,0,1,0,0,0,false,3,2,276,16,292,?
0,/home/luca/ISW2/bookkeeper/hedwig-server/src/test/java/org/apache/hedwig/server/netty/TestPubSubServer.java,instantiateTopicManager,4,2,1,0,0,0,1,1,1,0,false,3,2,276,16,292,?
0,/home/luca/ISW2/bookkeeper/hedwig-server/src/test/java/org/apache/hedwig/server/netty/TestPubSubServer.java,runPublishRequest,22,9,1,0,0,1,1,9,7,1,false,3,2,276,16,292,?
0,/home/luca/ISW2/bookkeeper/hedwig-server/src/test/java/org/apache/hedwig/server/netty/TestPubSubServer.java,getDefaultServerHost,4,2,1,0,0,0,1,0,0,0,false,3,2,276,16,292,?
0,/home/luca/ISW2/bookkeeper/hedwig-server/src/test/java/org/apache/hedwig/server/netty/TestPubSubServer.java,operationFailed,4,2,1,0,0,2,0,1,1,0,false,3,2,276,16,292,?
0,/home/luca/ISW2/bookkeeper/hedwig-server/src/test/java/org/apache/hedwig/server/netty/TestPubSubServer.java,operationFinished,4,2,1,0,0,2,0,1,1,0,false,3,2,276,16,292,?
0,/home/luca/ISW2/bookkeeper/hedwig-server/src/test/java/org/apache/hedwig/server/netty/TestPubSubServer.java,testUncaughtExceptionInNettyThread,29,13,1,0,0,0,1,7,7,4,false,3,2,276,16,292,?
0,/home/luca/ISW2/bookkeeper/hedwig-server/src/test/java/org/apache/hedwig/server/netty/TestPubSubServer.java,instantiateTopicManager,14,5,1,0,0,0,1,1,1,0,false,3,2,276,16,292,?
0,/home/luca/ISW2/bookkeeper/hedwig-server/src/test/java/org/apache/hedwig/server/netty/TestPubSubServer.java,realGetOwner,5,2,1,0,0,4,0,0,0,0,false,3,2,276,16,292,?
0,/home/luca/ISW2/bookkeeper/hedwig-server/src/test/java/org/apache/hedwig/server/netty/TestPubSubServer.java,postReleaseCleanup,3,1,1,0,0,3,0,0,0,0,false,3,2,276,16,292,?
0,/home/luca/ISW2/bookkeeper/hedwig-server/src/test/java/org/apache/hedwig/server/netty/TestPubSubServer.java,testUncaughtExceptionInZKThread,51,23,2,0,1,0,1,8,8,6,false,3,2,276,16,292,?
0,/home/luca/ISW2/bookkeeper/hedwig-server/src/test/java/org/apache/hedwig/server/netty/TestPubSubServer.java,instantiateTopicManager,35,14,2,0,1,0,1,2,2,1,false,3,2,276,16,292,?
0,/home/luca/ISW2/bookkeeper/hedwig-server/src/test/java/org/apache/hedwig/server/netty/TestPubSubServer.java,realGetOwner,25,11,2,0,1,4,0,1,1,1,false,3,2,276,16,292,?
0,/home/luca/ISW2/bookkeeper/hedwig-server/src/test/java/org/apache/hedwig/server/netty/TestPubSubServer.java,process,5,1,1,0,0,1,0,0,0,0,false,3,2,276,16,292,?
0,/home/luca/ISW2/bookkeeper/hedwig-server/src/test/java/org/apache/hedwig/server/netty/TestPubSubServer.java,safeProcessResult,5,2,1,0,0,5,0,0,0,0,false,3,2,276,16,292,?
0,/home/luca/ISW2/bookkeeper/hedwig-server/src/test/java/org/apache/hedwig/server/netty/TestPubSubServer.java,postReleaseCleanup,3,1,1,0,0,3,0,0,0,0,false,3,2,276,16,292,?
0,/home/luca/ISW2/bookkeeper/hedwig-server/src/test/java/org/apache/hedwig/server/netty/TestPubSubServer.java,testInvalidServerConfiguration,27,18,2,0,1,0,2,7,5,3,false,3,2,276,16,292,?
0,/home/luca/ISW2/bookkeeper/hedwig-server/src/test/java/org/apache/hedwig/server/netty/TestPubSubServer.java,isInterRegionSSLEnabled,4,2,1,0,0,0,1,1,1,0,false,3,2,276,16,292,?
0,/home/luca/ISW2/bookkeeper/hedwig-server/src/test/java/org/apache/hedwig/server/netty/TestPubSubServer.java,getRegions,8,6,1,0,0,0,1,3,1,1,false,3,2,276,16,292,?
0,/home/luca/ISW2/bookkeeper/hedwig-server/src/test/java/org/apache/hedwig/server/netty/TestPubSubServer.java,testValidServerConfiguration,27,18,2,0,1,0,2,7,5,3,false,3,2,276,16,292,?
0,/home/luca/ISW2/bookkeeper/hedwig-server/src/test/java/org/apache/hedwig/server/netty/TestPubSubServer.java,isInterRegionSSLEnabled,4,2,1,0,0,0,1,1,1,0,false,3,2,276,16,292,?
0,/home/luca/ISW2/bookkeeper/hedwig-server/src/test/java/org/apache/hedwig/server/netty/TestPubSubServer.java,getRegions,8,6,1,0,0,0,1,3,1,1,false,3,2,276,16,292,?
0,/home/luca/ISW2/bookkeeper/hedwig-server/src/test/java/org/apache/hedwig/server/netty/WriteRecordingChannel.java,getMessagesWritten,3,2,1,0,0,0,1,0,0,0,false,1,1,170,0,170,?
0,/home/luca/ISW2/bookkeeper/hedwig-server/src/test/java/org/apache/hedwig/server/netty/WriteRecordingChannel.java,clearMessages,3,2,1,0,0,0,0,1,1,0,false,1,1,170,0,170,?
0,/home/luca/ISW2/bookkeeper/hedwig-server/src/test/java/org/apache/hedwig/server/netty/WriteRecordingChannel.java,bind,4,2,1,0,0,1,0,0,0,0,false,1,1,170,0,170,?
0,/home/luca/ISW2/bookkeeper/hedwig-server/src/test/java/org/apache/hedwig/server/netty/WriteRecordingChannel.java,close,6,4,1,0,0,0,1,1,1,0,false,1,1,170,0,170,?
0,/home/luca/ISW2/bookkeeper/hedwig-server/src/test/java/org/apache/hedwig/server/netty/WriteRecordingChannel.java,connect,4,2,1,0,0,1,0,0,0,0,false,1,1,170,0,170,?
0,/home/luca/ISW2/bookkeeper/hedwig-server/src/test/java/org/apache/hedwig/server/netty/WriteRecordingChannel.java,disconnect,4,2,1,0,0,0,1,1,1,0,false,1,1,170,0,170,?
0,/home/luca/ISW2/bookkeeper/hedwig-server/src/test/java/org/apache/hedwig/server/netty/WriteRecordingChannel.java,getCloseFuture,4,2,1,0,0,0,1,0,0,0,false,1,1,170,0,170,?
0,/home/luca/ISW2/bookkeeper/hedwig-server/src/test/java/org/apache/hedwig/server/netty/WriteRecordingChannel.java,getConfig,4,2,1,0,0,0,0,0,0,0,false,1,1,170,0,170,?
0,/home/luca/ISW2/bookkeeper/hedwig-server/src/test/java/org/apache/hedwig/server/netty/WriteRecordingChannel.java,getFactory,4,2,1,0,0,0,0,0,0,0,false,1,1,170,0,170,?
0,/home/luca/ISW2/bookkeeper/hedwig-server/src/test/java/org/apache/hedwig/server/netty/WriteRecordingChannel.java,getId,4,2,1,0,0,0,0,0,0,0,false,1,1,170,0,170,?
0,/home/luca/ISW2/bookkeeper/hedwig-server/src/test/java/org/apache/hedwig/server/netty/WriteRecordingChannel.java,getInterestOps,4,2,1,0,0,0,0,0,0,0,false,1,1,170,0,170,?
0,/home/luca/ISW2/bookkeeper/hedwig-server/src/test/java/org/apache/hedwig/server/netty/WriteRecordingChannel.java,getLocalAddress,4,2,1,0,0,0,1,0,0,0,false,1,1,170,0,170,?
0,/home/luca/ISW2/bookkeeper/hedwig-server/src/test/java/org/apache/hedwig/server/netty/WriteRecordingChannel.java,getParent,4,2,1,0,0,0,0,0,0,0,false,1,1,170,0,170,?
0,/home/luca/ISW2/bookkeeper/hedwig-server/src/test/java/org/apache/hedwig/server/netty/WriteRecordingChannel.java,getPipeline,4,2,1,0,0,0,0,0,0,0,false,1,1,170,0,170,?
0,/home/luca/ISW2/bookkeeper/hedwig-server/src/test/java/org/apache/hedwig/server/netty/WriteRecordingChannel.java,getRemoteAddress,4,2,1,0,0,0,1,0,0,0,false,1,1,170,0,170,?
0,/home/luca/ISW2/bookkeeper/hedwig-server/src/test/java/org/apache/hedwig/server/netty/WriteRecordingChannel.java,isBound,4,2,1,0,0,0,0,0,0,0,false,1,1,170,0,170,?
0,/home/luca/ISW2/bookkeeper/hedwig-server/src/test/java/org/apache/hedwig/server/netty/WriteRecordingChannel.java,isConnected,4,2,1,0,0,0,1,0,0,0,false,1,1,170,0,170,?
0,/home/luca/ISW2/bookkeeper/hedwig-server/src/test/java/org/apache/hedwig/server/netty/WriteRecordingChannel.java,isOpen,4,2,1,0,0,0,0,0,0,0,false,1,1,170,0,170,?
0,/home/luca/ISW2/bookkeeper/hedwig-server/src/test/java/org/apache/hedwig/server/netty/WriteRecordingChannel.java,isReadable,4,2,1,0,0,0,0,0,0,0,false,1,1,170,0,170,?
0,/home/luca/ISW2/bookkeeper/hedwig-server/src/test/java/org/apache/hedwig/server/netty/WriteRecordingChannel.java,isWritable,4,2,1,0,0,0,0,0,0,0,false,1,1,170,0,170,?
0,/home/luca/ISW2/bookkeeper/hedwig-server/src/test/java/org/apache/hedwig/server/netty/WriteRecordingChannel.java,setInterestOps,4,2,1,0,0,1,0,0,0,0,false,1,1,170,0,170,?
0,/home/luca/ISW2/bookkeeper/hedwig-server/src/test/java/org/apache/hedwig/server/netty/WriteRecordingChannel.java,setReadable,4,2,1,0,0,1,0,0,0,0,false,1,1,170,0,170,?
0,/home/luca/ISW2/bookkeeper/hedwig-server/src/test/java/org/apache/hedwig/server/netty/WriteRecordingChannel.java,unbind,4,2,1,0,0,0,0,0,0,0,false,1,1,170,0,170,?
0,/home/luca/ISW2/bookkeeper/hedwig-server/src/test/java/org/apache/hedwig/server/netty/WriteRecordingChannel.java,write,5,3,1,0,0,1,1,1,1,0,false,1,1,170,0,170,?
0,/home/luca/ISW2/bookkeeper/hedwig-server/src/test/java/org/apache/hedwig/server/netty/WriteRecordingChannel.java,write,4,2,1,0,0,2,0,0,0,0,false,1,1,170,0,170,?
0,/home/luca/ISW2/bookkeeper/hedwig-server/src/test/java/org/apache/hedwig/server/netty/WriteRecordingChannel.java,compareTo,4,2,1,0,0,1,0,0,0,0,false,1,1,170,0,170,?
0,/home/luca/ISW2/bookkeeper/hedwig-server/src/test/java/org/apache/hedwig/server/integration/TestHedwigRegion.java,setUp,7,4,1,0,0,0,0,1,1,0,false,3,2,101,8,109,?
0,/home/luca/ISW2/bookkeeper/hedwig-server/src/test/java/org/apache/hedwig/server/integration/TestHedwigRegion.java,tearDown,5,2,1,0,0,0,0,1,1,0,false,3,2,101,8,109,?
0,/home/luca/ISW2/bookkeeper/hedwig-server/src/test/java/org/apache/hedwig/server/integration/TestHedwigRegion.java,testMultiRegionSubscribeAndConsume,37,23,8,2,7,0,0,27,15,9,false,3,2,101,8,109,?
0,/home/luca/ISW2/bookkeeper/hedwig-server/src/test/java/org/apache/hedwig/server/integration/TestHedwigHub.java,configs,4,2,1,0,0,0,1,1,1,0,false,3,2,731,38,769,?
0,/home/luca/ISW2/bookkeeper/hedwig-server/src/test/java/org/apache/hedwig/server/integration/TestHedwigHub.java,operationFinished,11,6,2,1,1,2,0,4,4,0,false,3,2,731,38,769,?
0,/home/luca/ISW2/bookkeeper/hedwig-server/src/test/java/org/apache/hedwig/server/integration/TestHedwigHub.java,run,6,4,2,1,1,0,0,3,3,0,false,3,2,731,38,769,?
0,/home/luca/ISW2/bookkeeper/hedwig-server/src/test/java/org/apache/hedwig/server/integration/TestHedwigHub.java,operationFailed,10,5,1,0,0,2,0,3,3,0,false,3,2,731,38,769,?
0,/home/luca/ISW2/bookkeeper/hedwig-server/src/test/java/org/apache/hedwig/server/integration/TestHedwigHub.java,run,5,3,1,0,0,0,0,2,2,0,false,3,2,731,38,769,?
0,/home/luca/ISW2/bookkeeper/hedwig-server/src/test/java/org/apache/hedwig/server/integration/TestHedwigHub.java,deliver,37,22,6,3,5,5,0,21,9,0,false,3,2,731,38,769,?
0,/home/luca/ISW2/bookkeeper/hedwig-server/src/test/java/org/apache/hedwig/server/integration/TestHedwigHub.java,run,7,4,2,1,1,0,0,5,5,0,false,3,2,731,38,769,?
0,/home/luca/ISW2/bookkeeper/hedwig-server/src/test/java/org/apache/hedwig/server/integration/TestHedwigHub.java,run,6,4,2,1,1,0,0,3,3,0,false,3,2,731,38,769,?
0,/home/luca/ISW2/bookkeeper/hedwig-server/src/test/java/org/apache/hedwig/server/integration/TestHedwigHub.java,getDefaultServerHost,8,6,2,1,1,0,2,2,2,0,false,3,2,731,38,769,?
0,/home/luca/ISW2/bookkeeper/hedwig-server/src/test/java/org/apache/hedwig/server/integration/TestHedwigHub.java,isSSLEnabled,7,4,2,1,1,0,2,0,0,0,false,3,2,731,38,769,?
0,/home/luca/ISW2/bookkeeper/hedwig-server/src/test/java/org/apache/hedwig/server/integration/TestHedwigHub.java,getClientConfiguration,3,2,1,0,0,0,1,0,0,0,false,3,2,731,38,769,?
0,/home/luca/ISW2/bookkeeper/hedwig-server/src/test/java/org/apache/hedwig/server/integration/TestHedwigHub.java,setUp,12,9,2,1,1,0,0,4,4,0,false,3,2,731,38,769,?
0,/home/luca/ISW2/bookkeeper/hedwig-server/src/test/java/org/apache/hedwig/server/integration/TestHedwigHub.java,tearDown,10,6,2,1,1,0,0,3,3,0,false,3,2,731,38,769,?
0,/home/luca/ISW2/bookkeeper/hedwig-server/src/test/java/org/apache/hedwig/server/integration/TestHedwigHub.java,getMsg,3,2,1,0,0,1,1,4,4,0,false,3,2,731,38,769,?
0,/home/luca/ISW2/bookkeeper/hedwig-server/src/test/java/org/apache/hedwig/server/integration/TestHedwigHub.java,getTopic,3,2,1,0,0,1,1,1,1,0,false,3,2,731,38,769,?
0,/home/luca/ISW2/bookkeeper/hedwig-server/src/test/java/org/apache/hedwig/server/integration/TestHedwigHub.java,startDelivery,3,2,1,0,0,3,0,1,1,0,false,3,2,731,38,769,?
0,/home/luca/ISW2/bookkeeper/hedwig-server/src/test/java/org/apache/hedwig/server/integration/TestHedwigHub.java,startDelivery,12,8,2,1,1,4,0,16,15,2,false,3,2,731,38,769,?
0,/home/luca/ISW2/bookkeeper/hedwig-server/src/test/java/org/apache/hedwig/server/integration/TestHedwigHub.java,publishFirstBatch,10,9,4,2,3,2,0,9,7,1,false,3,2,731,38,769,?
0,/home/luca/ISW2/bookkeeper/hedwig-server/src/test/java/org/apache/hedwig/server/integration/TestHedwigHub.java,publishSecondBatch,10,9,4,2,3,2,0,9,7,1,false,3,2,731,38,769,?
0,/home/luca/ISW2/bookkeeper/hedwig-server/src/test/java/org/apache/hedwig/server/integration/TestHedwigHub.java,subscribeToTopics,14,10,4,1,3,1,0,8,7,2,false,3,2,731,38,769,?
0,/home/luca/ISW2/bookkeeper/hedwig-server/src/test/java/org/apache/hedwig/server/integration/TestHedwigHub.java,shutDownLastServer,20,9,3,1,2,0,0,7,7,0,false,3,2,731,38,769,?
0,/home/luca/ISW2/bookkeeper/hedwig-server/src/test/java/org/apache/hedwig/server/integration/TestHedwigHub.java,testManualConsumeClient,46,31,5,1,4,0,1,21,16,8,false,3,2,731,38,769,?
0,/home/luca/ISW2/bookkeeper/hedwig-server/src/test/java/org/apache/hedwig/server/integration/TestHedwigHub.java,isAutoSendConsumeMessageEnabled,4,2,1,0,0,0,1,0,0,0,false,3,2,731,38,769,?
0,/home/luca/ISW2/bookkeeper/hedwig-server/src/test/java/org/apache/hedwig/server/integration/TestHedwigHub.java,testAttachToSubscriptionSuccess,22,15,2,1,1,0,0,17,8,3,false,3,2,731,38,769,?
0,/home/luca/ISW2/bookkeeper/hedwig-server/src/test/java/org/apache/hedwig/server/integration/TestHedwigHub.java,testServerRedirect,5,3,1,0,0,0,0,1,1,1,false,3,2,731,38,769,?
0,/home/luca/ISW2/bookkeeper/hedwig-server/src/test/java/org/apache/hedwig/server/integration/TestHedwigHub.java,testSubscribeAndConsume,6,4,1,0,0,0,0,2,2,1,false,3,2,731,38,769,?
0,/home/luca/ISW2/bookkeeper/hedwig-server/src/test/java/org/apache/hedwig/server/integration/TestHedwigHub.java,testServerFailoverPublishOnly,7,5,1,0,0,0,0,3,3,1,false,3,2,731,38,769,?
0,/home/luca/ISW2/bookkeeper/hedwig-server/src/test/java/org/apache/hedwig/server/integration/TestHedwigHub.java,testServerFailover,8,6,1,0,0,0,0,4,4,1,false,3,2,731,38,769,?
0,/home/luca/ISW2/bookkeeper/hedwig-server/src/test/java/org/apache/hedwig/server/integration/TestHedwigHub.java,testUnsubscribe,31,17,1,0,0,0,0,23,12,1,false,3,2,731,38,769,?
0,/home/luca/ISW2/bookkeeper/hedwig-server/src/test/java/org/apache/hedwig/server/integration/TestHedwigHub.java,run,4,2,1,0,0,0,0,1,1,0,false,3,2,731,38,769,?
0,/home/luca/ISW2/bookkeeper/hedwig-server/src/test/java/org/apache/hedwig/server/integration/TestHedwigHub.java,testSyncUnsubscribeWithoutSubscription,12,10,3,0,2,0,0,3,3,1,false,3,2,731,38,769,?
0,/home/luca/ISW2/bookkeeper/hedwig-server/src/test/java/org/apache/hedwig/server/integration/TestHedwigHub.java,testAsyncUnsubscribeWithoutSubscription,5,3,1,0,0,0,0,4,4,0,false,3,2,731,38,769,?
0,/home/luca/ISW2/bookkeeper/hedwig-server/src/test/java/org/apache/hedwig/server/integration/TestHedwigHub.java,testCloseSubscription,31,17,1,0,0,0,0,23,12,1,false,3,2,731,38,769,?
0,/home/luca/ISW2/bookkeeper/hedwig-server/src/test/java/org/apache/hedwig/server/integration/TestHedwigHub.java,run,4,2,1,0,0,0,0,1,1,0,false,3,2,731,38,769,?
0,/home/luca/ISW2/bookkeeper/hedwig-server/src/test/java/org/apache/hedwig/server/integration/TestHedwigHub.java,testStopDelivery,40,23,3,1,2,0,0,24,12,4,false,3,2,731,38,769,?
0,/home/luca/ISW2/bookkeeper/hedwig-server/src/test/java/org/apache/hedwig/server/integration/TestHedwigHub.java,run,4,2,1,0,0,0,0,1,1,0,false,3,2,731,38,769,?
0,/home/luca/ISW2/bookkeeper/hedwig-server/src/test/java/org/apache/hedwig/server/integration/TestHedwigHub.java,testConsumedMessagesInOrder,20,13,3,1,2,0,0,11,7,4,false,3,2,731,38,769,?
0,/home/luca/ISW2/bookkeeper/hedwig-server/src/test/java/org/apache/hedwig/server/integration/TestHedwigHub.java,testCreateSubscriptionFailure,13,8,1,0,0,0,0,10,6,1,false,3,2,731,38,769,?
0,/home/luca/ISW2/bookkeeper/hedwig-server/src/test/java/org/apache/hedwig/server/integration/TestHedwigHub.java,testCreateSubscriptionSuccess,13,11,2,1,1,0,0,11,7,3,false,3,2,731,38,769,?
0,/home/luca/ISW2/bookkeeper/hedwig-server/src/test/java/org/apache/hedwig/server/integration/TestHedwigHub.java,testAttachToSubscriptionFailure,6,4,1,0,0,0,0,4,4,1,false,3,2,731,38,769,?
0,/home/luca/ISW2/bookkeeper/hedwig-server/src/test/java/org/apache/hedwig/server/integration/TestHedwigHub.java,testSyncSubscribeWithInvalidSubscriberId,12,10,3,0,2,0,0,3,3,1,false,3,2,731,38,769,?
0,/home/luca/ISW2/bookkeeper/hedwig-server/src/test/java/org/apache/hedwig/server/integration/TestHedwigHub.java,testAsyncSubscribeWithInvalidSubscriberId,6,3,1,0,0,0,0,4,4,0,false,3,2,731,38,769,?
0,/home/luca/ISW2/bookkeeper/hedwig-server/src/test/java/org/apache/hedwig/server/integration/TestHedwigHub.java,testSyncUnsubscribeWithInvalidSubscriberId,12,10,3,0,2,0,0,3,3,1,false,3,2,731,38,769,?
0,/home/luca/ISW2/bookkeeper/hedwig-server/src/test/java/org/apache/hedwig/server/integration/TestHedwigHub.java,testAsyncUnsubscribeWithInvalidSubscriberId,5,3,1,0,0,0,0,4,4,0,false,3,2,731,38,769,?
0,/home/luca/ISW2/bookkeeper/hedwig-server/src/test/java/org/apache/hedwig/server/integration/TestHedwigHub.java,testSyncHubSubscribeWithInvalidSubscriberId,15,13,3,0,2,0,0,5,5,3,false,3,2,731,38,769,?
0,/home/luca/ISW2/bookkeeper/hedwig-server/src/test/java/org/apache/hedwig/server/integration/TestHedwigHub.java,testAsyncHubSubscribeWithInvalidSubscriberId,9,6,1,0,0,0,0,6,6,2,false,3,2,731,38,769,?
0,/home/luca/ISW2/bookkeeper/hedwig-server/src/test/java/org/apache/hedwig/server/integration/TestHedwigHub.java,testSyncHubUnsubscribeWithInvalidSubscriberId,15,13,3,0,2,0,0,5,5,3,false,3,2,731,38,769,?
0,/home/luca/ISW2/bookkeeper/hedwig-server/src/test/java/org/apache/hedwig/server/integration/TestHedwigHub.java,testAsyncHubUnsubscribeWithInvalidSubscriberId,8,6,1,0,0,0,0,6,6,2,false,3,2,731,38,769,?
0,/home/luca/ISW2/bookkeeper/hedwig-server/src/test/java/org/apache/hedwig/server/subscriptions/StubSubscriptionManager.java,setFail,3,2,1,0,0,1,0,0,0,0,false,2,2,53,1,54,?
0,/home/luca/ISW2/bookkeeper/hedwig-server/src/test/java/org/apache/hedwig/server/subscriptions/StubSubscriptionManager.java,serveSubscribeRequest,9,6,2,1,1,5,1,2,2,0,false,2,2,53,1,54,?
0,/home/luca/ISW2/bookkeeper/hedwig-server/src/test/java/org/apache/hedwig/server/subscriptions/TestZkSubscriptionManager.java,setUp,47,23,1,0,0,0,0,14,5,1,false,2,2,223,17,240,?
0,/home/luca/ISW2/bookkeeper/hedwig-server/src/test/java/org/apache/hedwig/server/subscriptions/TestZkSubscriptionManager.java,operationFailed,8,4,1,0,0,2,0,3,3,0,false,2,2,223,17,240,?
0,/home/luca/ISW2/bookkeeper/hedwig-server/src/test/java/org/apache/hedwig/server/subscriptions/TestZkSubscriptionManager.java,run,3,2,1,0,0,0,0,2,2,0,false,2,2,223,17,240,?
0,/home/luca/ISW2/bookkeeper/hedwig-server/src/test/java/org/apache/hedwig/server/subscriptions/TestZkSubscriptionManager.java,operationFinished,8,4,1,0,0,2,0,3,3,0,false,2,2,223,17,240,?
0,/home/luca/ISW2/bookkeeper/hedwig-server/src/test/java/org/apache/hedwig/server/subscriptions/TestZkSubscriptionManager.java,run,3,2,1,0,0,0,0,2,2,0,false,2,2,223,17,240,?
0,/home/luca/ISW2/bookkeeper/hedwig-server/src/test/java/org/apache/hedwig/server/subscriptions/TestZkSubscriptionManager.java,operationFailed,8,4,1,0,0,2,0,3,3,0,false,2,2,223,17,240,?
0,/home/luca/ISW2/bookkeeper/hedwig-server/src/test/java/org/apache/hedwig/server/subscriptions/TestZkSubscriptionManager.java,run,3,2,1,0,0,0,0,2,2,0,false,2,2,223,17,240,?
0,/home/luca/ISW2/bookkeeper/hedwig-server/src/test/java/org/apache/hedwig/server/subscriptions/TestZkSubscriptionManager.java,operationFinished,8,4,1,0,0,2,0,3,3,0,false,2,2,223,17,240,?
0,/home/luca/ISW2/bookkeeper/hedwig-server/src/test/java/org/apache/hedwig/server/subscriptions/TestZkSubscriptionManager.java,run,3,2,1,0,0,0,0,2,2,0,false,2,2,223,17,240,?
0,/home/luca/ISW2/bookkeeper/hedwig-server/src/test/java/org/apache/hedwig/server/subscriptions/TestZkSubscriptionManager.java,testBasics,109,52,1,0,0,0,0,154,26,7,false,2,2,223,17,240,?
0,/home/luca/ISW2/bookkeeper/hedwig-server/src/test/java/org/apache/hedwig/server/HedwigRegionTestBase.java,setRegionList,13,9,3,2,2,0,0,2,2,4,false,4,2,230,8,238,?
0,/home/luca/ISW2/bookkeeper/hedwig-server/src/test/java/org/apache/hedwig/server/HedwigRegionTestBase.java,getServerPort,4,2,1,0,0,0,1,0,0,0,false,4,2,230,8,238,?
0,/home/luca/ISW2/bookkeeper/hedwig-server/src/test/java/org/apache/hedwig/server/HedwigRegionTestBase.java,getSSLServerPort,4,2,1,0,0,0,1,0,0,0,false,4,2,230,8,238,?
0,/home/luca/ISW2/bookkeeper/hedwig-server/src/test/java/org/apache/hedwig/server/HedwigRegionTestBase.java,getZkHost,4,2,1,0,0,0,1,1,1,0,false,4,2,230,8,238,?
0,/home/luca/ISW2/bookkeeper/hedwig-server/src/test/java/org/apache/hedwig/server/HedwigRegionTestBase.java,getMyRegion,4,2,1,0,0,0,1,0,0,0,false,4,2,230,8,238,?
0,/home/luca/ISW2/bookkeeper/hedwig-server/src/test/java/org/apache/hedwig/server/HedwigRegionTestBase.java,isSSLEnabled,4,2,1,0,0,0,1,0,0,0,false,4,2,230,8,238,?
0,/home/luca/ISW2/bookkeeper/hedwig-server/src/test/java/org/apache/hedwig/server/HedwigRegionTestBase.java,isInterRegionSSLEnabled,4,2,1,0,0,0,1,0,0,0,false,4,2,230,8,238,?
0,/home/luca/ISW2/bookkeeper/hedwig-server/src/test/java/org/apache/hedwig/server/HedwigRegionTestBase.java,getCertName,4,2,1,0,0,0,1,0,0,0,false,4,2,230,8,238,?
0,/home/luca/ISW2/bookkeeper/hedwig-server/src/test/java/org/apache/hedwig/server/HedwigRegionTestBase.java,getPassword,4,2,1,0,0,0,1,0,0,0,false,4,2,230,8,238,?
0,/home/luca/ISW2/bookkeeper/hedwig-server/src/test/java/org/apache/hedwig/server/HedwigRegionTestBase.java,getServerConfiguration,3,2,1,0,0,3,1,0,0,0,false,4,2,230,8,238,?
0,/home/luca/ISW2/bookkeeper/hedwig-server/src/test/java/org/apache/hedwig/server/HedwigRegionTestBase.java,getClientConfiguration,3,2,1,0,0,2,1,0,0,0,false,4,2,230,8,238,?
0,/home/luca/ISW2/bookkeeper/hedwig-server/src/test/java/org/apache/hedwig/server/HedwigRegionTestBase.java,setUp,31,16,3,2,2,0,0,9,7,4,false,4,2,230,8,238,?
0,/home/luca/ISW2/bookkeeper/hedwig-server/src/test/java/org/apache/hedwig/server/HedwigRegionTestBase.java,tearDown,21,15,4,2,3,0,0,11,7,3,false,4,2,230,8,238,?
0,/home/luca/ISW2/bookkeeper/hedwig-server/src/test/java/org/apache/hedwig/server/TestPubSubServerStartup.java,testPubSubServerInstantiationWithConfig,7,5,2,1,1,0,0,2,2,1,true,3,2,133,4,137,?
0,/home/luca/ISW2/bookkeeper/hedwig-server/src/test/java/org/apache/hedwig/server/TestPubSubServerStartup.java,instantiateAndDestroyPubSubServer,51,33,2,0,1,0,0,24,19,9,false,3,2,133,4,137,?
0,/home/luca/ISW2/bookkeeper/hedwig-server/src/test/java/org/apache/hedwig/server/TestPubSubServerStartup.java,writeStringToFile,14,12,4,2,3,2,0,7,6,1,false,3,2,133,4,137,?
0,/home/luca/ISW2/bookkeeper/hedwig-server/src/test/java/org/apache/hedwig/server/topics/TestConcurrentTopicAcquisition.java,operationFinished,11,8,3,1,2,2,0,5,5,1,false,1,1,206,0,206,?
0,/home/luca/ISW2/bookkeeper/hedwig-server/src/test/java/org/apache/hedwig/server/topics/TestConcurrentTopicAcquisition.java,operationFailed,9,5,2,1,1,2,0,4,4,0,false,1,1,206,0,206,?
0,/home/luca/ISW2/bookkeeper/hedwig-server/src/test/java/org/apache/hedwig/server/topics/TestConcurrentTopicAcquisition.java,setUp,8,5,1,0,0,0,0,3,3,0,false,1,1,206,0,206,?
0,/home/luca/ISW2/bookkeeper/hedwig-server/src/test/java/org/apache/hedwig/server/topics/TestConcurrentTopicAcquisition.java,tearDown,8,3,1,0,0,0,0,2,2,0,false,1,1,206,0,206,?
0,/home/luca/ISW2/bookkeeper/hedwig-server/src/test/java/org/apache/hedwig/server/topics/TestConcurrentTopicAcquisition.java,testTopicAcquistion,102,56,11,3,10,0,0,36,18,8,false,1,1,206,0,206,?
0,/home/luca/ISW2/bookkeeper/hedwig-server/src/test/java/org/apache/hedwig/server/topics/TestConcurrentTopicAcquisition.java,tick,5,4,2,1,1,0,0,2,2,0,false,1,1,206,0,206,?
0,/home/luca/ISW2/bookkeeper/hedwig-server/src/test/java/org/apache/hedwig/server/topics/TestConcurrentTopicAcquisition.java,operationFinished,5,2,1,0,0,2,0,1,1,0,false,1,1,206,0,206,?
0,/home/luca/ISW2/bookkeeper/hedwig-server/src/test/java/org/apache/hedwig/server/topics/TestConcurrentTopicAcquisition.java,operationFailed,14,11,4,2,3,2,0,6,6,1,false,1,1,206,0,206,?
0,/home/luca/ISW2/bookkeeper/hedwig-server/src/test/java/org/apache/hedwig/server/topics/TestConcurrentTopicAcquisition.java,run,26,18,5,2,4,0,0,10,9,3,false,1,1,206,0,206,?
0,/home/luca/ISW2/bookkeeper/hedwig-server/src/test/java/org/apache/hedwig/server/topics/TestZkTopicManager.java,getQueue,3,2,1,0,0,0,1,0,0,0,false,4,3,319,4,323,?
0,/home/luca/ISW2/bookkeeper/hedwig-server/src/test/java/org/apache/hedwig/server/topics/TestZkTopicManager.java,take,3,2,1,0,0,0,1,1,1,0,false,4,3,319,4,323,?
0,/home/luca/ISW2/bookkeeper/hedwig-server/src/test/java/org/apache/hedwig/server/topics/TestZkTopicManager.java,operationFailed,10,5,1,0,0,2,0,4,4,0,false,4,3,319,4,323,?
0,/home/luca/ISW2/bookkeeper/hedwig-server/src/test/java/org/apache/hedwig/server/topics/TestZkTopicManager.java,run,4,2,1,0,0,0,0,2,2,0,false,4,3,319,4,323,?
0,/home/luca/ISW2/bookkeeper/hedwig-server/src/test/java/org/apache/hedwig/server/topics/TestZkTopicManager.java,operationFinished,9,4,1,0,0,2,0,3,3,0,false,4,3,319,4,323,?
0,/home/luca/ISW2/bookkeeper/hedwig-server/src/test/java/org/apache/hedwig/server/topics/TestZkTopicManager.java,run,4,2,1,0,0,0,0,2,2,0,false,4,3,319,4,323,?
0,/home/luca/ISW2/bookkeeper/hedwig-server/src/test/java/org/apache/hedwig/server/topics/TestZkTopicManager.java,setUp,9,6,1,0,0,0,0,3,3,0,false,4,3,319,4,323,?
0,/home/luca/ISW2/bookkeeper/hedwig-server/src/test/java/org/apache/hedwig/server/topics/TestZkTopicManager.java,testGetOwnerSingle,5,3,1,0,0,0,0,4,4,0,false,4,3,319,4,323,?
0,/home/luca/ISW2/bookkeeper/hedwig-server/src/test/java/org/apache/hedwig/server/topics/TestZkTopicManager.java,mkTopic,3,2,1,0,0,1,1,2,2,0,false,4,3,319,4,323,?
0,/home/luca/ISW2/bookkeeper/hedwig-server/src/test/java/org/apache/hedwig/server/topics/TestZkTopicManager.java,check,6,4,2,1,1,1,1,3,2,0,false,4,3,319,4,323,?
0,/home/luca/ISW2/bookkeeper/hedwig-server/src/test/java/org/apache/hedwig/server/topics/TestZkTopicManager.java,getServerPort,4,2,1,0,0,0,1,0,0,0,false,4,3,319,4,323,?
0,/home/luca/ISW2/bookkeeper/hedwig-server/src/test/java/org/apache/hedwig/server/topics/TestZkTopicManager.java,testGetOwnerMulti,46,31,9,2,8,0,0,39,9,6,false,4,3,319,4,323,?
0,/home/luca/ISW2/bookkeeper/hedwig-server/src/test/java/org/apache/hedwig/server/topics/TestZkTopicManager.java,testLoadBalancing,14,8,1,0,0,0,0,11,7,2,false,4,3,319,4,323,?
0,/home/luca/ISW2/bookkeeper/hedwig-server/src/test/java/org/apache/hedwig/server/topics/TestZkTopicManager.java,setFailure,3,2,1,0,0,1,0,0,0,0,false,4,3,319,4,323,?
0,/home/luca/ISW2/bookkeeper/hedwig-server/src/test/java/org/apache/hedwig/server/topics/TestZkTopicManager.java,lostTopic,9,4,1,0,0,1,0,3,3,0,false,4,3,319,4,323,?
0,/home/luca/ISW2/bookkeeper/hedwig-server/src/test/java/org/apache/hedwig/server/topics/TestZkTopicManager.java,run,4,2,1,0,0,0,0,2,2,0,false,4,3,319,4,323,?
0,/home/luca/ISW2/bookkeeper/hedwig-server/src/test/java/org/apache/hedwig/server/topics/TestZkTopicManager.java,acquiredTopic,13,9,2,1,1,3,0,5,5,0,false,4,3,319,4,323,?
0,/home/luca/ISW2/bookkeeper/hedwig-server/src/test/java/org/apache/hedwig/server/topics/TestZkTopicManager.java,run,9,7,2,1,1,0,0,4,4,0,false,4,3,319,4,323,?
0,/home/luca/ISW2/bookkeeper/hedwig-server/src/test/java/org/apache/hedwig/server/topics/TestZkTopicManager.java,testOwnershipChange,49,32,1,0,0,0,0,51,22,3,false,4,3,319,4,323,?
0,/home/luca/ISW2/bookkeeper/hedwig-server/src/test/java/org/apache/hedwig/server/topics/TestZkTopicManager.java,assertOwnershipNodeExists,4,3,1,0,0,0,0,3,3,1,false,4,3,319,4,323,?
0,/home/luca/ISW2/bookkeeper/hedwig-server/src/test/java/org/apache/hedwig/server/topics/TestZkTopicManager.java,assertOwnershipNodeDoesntExist,8,7,2,0,1,0,0,5,5,0,false,4,3,319,4,323,?
0,/home/luca/ISW2/bookkeeper/hedwig-server/src/test/java/org/apache/hedwig/server/topics/TestZkTopicManager.java,testZKClientDisconnected,21,13,1,0,0,0,0,18,10,0,false,4,3,319,4,323,?
0,/home/luca/ISW2/bookkeeper/hedwig-server/src/test/java/org/apache/hedwig/server/topics/StubTopicManager.java,setShouldOwnEveryNewTopic,3,2,1,0,0,1,0,0,0,0,false,2,2,66,2,68,?
0,/home/luca/ISW2/bookkeeper/hedwig-server/src/test/java/org/apache/hedwig/server/topics/StubTopicManager.java,setShouldError,3,2,1,0,0,1,0,0,0,0,false,2,2,66,2,68,?
0,/home/luca/ISW2/bookkeeper/hedwig-server/src/test/java/org/apache/hedwig/server/topics/StubTopicManager.java,realGetOwner,17,11,3,1,2,4,2,4,4,0,false,2,2,66,2,68,?
0,/home/luca/ISW2/bookkeeper/hedwig-server/src/test/java/org/apache/hedwig/server/handlers/TestBaseHandler.java,getRequest,3,2,1,0,0,0,1,0,0,0,false,1,1,116,0,116,?
0,/home/luca/ISW2/bookkeeper/hedwig-server/src/test/java/org/apache/hedwig/server/handlers/TestBaseHandler.java,handleRequestAtOwner,4,2,1,0,0,2,0,0,0,0,false,1,1,116,0,116,?
0,/home/luca/ISW2/bookkeeper/hedwig-server/src/test/java/org/apache/hedwig/server/handlers/TestBaseHandler.java,setUp,9,6,1,0,0,0,0,1,1,1,false,1,1,116,0,116,?
0,/home/luca/ISW2/bookkeeper/hedwig-server/src/test/java/org/apache/hedwig/server/handlers/TestBaseHandler.java,getPubSubResponse,9,6,1,0,0,1,1,6,5,2,false,1,1,116,0,116,?
0,/home/luca/ISW2/bookkeeper/hedwig-server/src/test/java/org/apache/hedwig/server/handlers/TestBaseHandler.java,testHandleRequestOnRedirect,11,7,1,0,0,0,0,10,8,1,false,1,1,116,0,116,?
0,/home/luca/ISW2/bookkeeper/hedwig-server/src/test/java/org/apache/hedwig/server/handlers/TestBaseHandler.java,testHandleRequestOnOwner,9,5,1,0,0,0,0,7,6,0,false,1,1,116,0,116,?
0,/home/luca/ISW2/bookkeeper/hedwig-server/src/test/java/org/apache/hedwig/server/handlers/TestBaseHandler.java,testHandleRequestOnError,12,7,1,0,0,0,0,10,8,1,false,1,1,116,0,116,?
0,/home/luca/ISW2/bookkeeper/hedwig-server/src/test/java/org/apache/hedwig/server/handlers/TestSubUnsubHandler.java,setUp,22,14,1,0,0,0,0,14,12,4,false,2,2,177,11,188,?
0,/home/luca/ISW2/bookkeeper/hedwig-server/src/test/java/org/apache/hedwig/server/handlers/TestSubUnsubHandler.java,testNoSubscribeRequest,7,3,1,0,0,0,0,8,8,0,false,2,2,177,11,188,?
0,/home/luca/ISW2/bookkeeper/hedwig-server/src/test/java/org/apache/hedwig/server/handlers/TestSubUnsubHandler.java,testSuccessCase,69,37,1,0,0,0,0,74,22,6,false,2,2,177,11,188,?
0,/home/luca/ISW2/bookkeeper/hedwig-server/src/test/java/org/apache/hedwig/server/delivery/StubDeliveryManager.java,startServingSubscription,8,2,1,0,0,6,0,1,1,0,false,2,2,68,3,71,?
0,/home/luca/ISW2/bookkeeper/hedwig-server/src/test/java/org/apache/hedwig/server/delivery/StubDeliveryManager.java,stopServingSubscriber,4,2,1,0,0,2,0,1,1,0,false,2,2,68,3,71,?
0,/home/luca/ISW2/bookkeeper/hedwig-server/src/test/java/org/apache/hedwig/server/persistence/TestPersistenceManagerBlackBox.java,operationFailed,3,2,1,0,0,2,0,0,0,0,false,3,2,311,5,316,?
0,/home/luca/ISW2/bookkeeper/hedwig-server/src/test/java/org/apache/hedwig/server/persistence/TestPersistenceManagerBlackBox.java,operationFinished,9,7,2,0,1,2,0,1,1,1,false,3,2,311,5,316,?
0,/home/luca/ISW2/bookkeeper/hedwig-server/src/test/java/org/apache/hedwig/server/persistence/TestPersistenceManagerBlackBox.java,messageScanned,11,9,3,1,2,2,0,4,4,1,false,3,2,311,5,316,?
0,/home/luca/ISW2/bookkeeper/hedwig-server/src/test/java/org/apache/hedwig/server/persistence/TestPersistenceManagerBlackBox.java,scanFailed,3,2,1,0,0,2,0,0,0,0,false,3,2,311,5,316,?
0,/home/luca/ISW2/bookkeeper/hedwig-server/src/test/java/org/apache/hedwig/server/persistence/TestPersistenceManagerBlackBox.java,scanFinished,12,10,3,1,2,2,0,1,1,1,false,3,2,311,5,316,?
0,/home/luca/ISW2/bookkeeper/hedwig-server/src/test/java/org/apache/hedwig/server/persistence/TestPersistenceManagerBlackBox.java,messageScanned,24,19,4,1,3,2,0,9,9,4,false,3,2,311,5,316,?
0,/home/luca/ISW2/bookkeeper/hedwig-server/src/test/java/org/apache/hedwig/server/persistence/TestPersistenceManagerBlackBox.java,scanFailed,3,2,1,0,0,2,0,0,0,0,false,3,2,311,5,316,?
0,/home/luca/ISW2/bookkeeper/hedwig-server/src/test/java/org/apache/hedwig/server/persistence/TestPersistenceManagerBlackBox.java,scanFinished,3,1,1,0,0,2,0,0,0,0,false,3,2,311,5,316,?
0,/home/luca/ISW2/bookkeeper/hedwig-server/src/test/java/org/apache/hedwig/server/persistence/TestPersistenceManagerBlackBox.java,run,29,17,4,1,3,0,0,5,4,4,false,3,2,311,5,316,?
0,/home/luca/ISW2/bookkeeper/hedwig-server/src/test/java/org/apache/hedwig/server/persistence/TestPersistenceManagerBlackBox.java,run,17,13,4,2,3,0,0,2,2,3,false,3,2,311,5,316,?
0,/home/luca/ISW2/bookkeeper/hedwig-server/src/test/java/org/apache/hedwig/server/persistence/TestPersistenceManagerBlackBox.java,setUp,7,5,1,0,0,0,0,4,3,0,false,3,2,311,5,316,?
0,/home/luca/ISW2/bookkeeper/hedwig-server/src/test/java/org/apache/hedwig/server/persistence/TestPersistenceManagerBlackBox.java,getLowestSeqId,1,0,1,0,0,0,0,0,0,0,false,3,2,311,5,316,?
0,/home/luca/ISW2/bookkeeper/hedwig-server/src/test/java/org/apache/hedwig/server/persistence/TestPersistenceManagerBlackBox.java,instantiatePersistenceManager,1,0,1,0,0,0,0,0,0,0,false,3,2,311,5,316,?
0,/home/luca/ISW2/bookkeeper/hedwig-server/src/test/java/org/apache/hedwig/server/persistence/TestPersistenceManagerBlackBox.java,tearDown,6,4,1,0,0,0,0,4,3,0,false,3,2,311,5,316,?
0,/home/luca/ISW2/bookkeeper/hedwig-server/src/test/java/org/apache/hedwig/server/persistence/TestPersistenceManagerBlackBox.java,getTopicName,3,2,1,0,0,1,1,1,1,0,false,3,2,311,5,316,?
0,/home/luca/ISW2/bookkeeper/hedwig-server/src/test/java/org/apache/hedwig/server/persistence/TestPersistenceManagerBlackBox.java,testPersistenceManager,63,42,8,3,7,0,0,21,13,12,false,3,2,311,5,316,?
0,/home/luca/ISW2/bookkeeper/hedwig-server/src/test/java/org/apache/hedwig/server/persistence/TestPersistenceManagerBlackBox.java,operationFailed,5,3,1,0,0,2,0,1,1,0,false,3,2,311,5,316,?
0,/home/luca/ISW2/bookkeeper/hedwig-server/src/test/java/org/apache/hedwig/server/persistence/TestPersistenceManagerBlackBox.java,operationFinished,4,2,1,0,0,2,0,1,1,0,false,3,2,311,5,316,?
0,/home/luca/ISW2/bookkeeper/hedwig-server/src/test/java/org/apache/hedwig/server/persistence/TestPersistenceManagerBlackBox.java,getExpectedSeqId,1,0,1,0,0,1,0,0,0,0,false,3,2,311,5,316,?
0,/home/luca/ISW2/bookkeeper/hedwig-server/src/test/java/org/apache/hedwig/server/persistence/TestReadAheadCacheWhiteBox.java,enqueueWithoutFailure,5,2,1,0,0,1,0,1,1,0,false,2,2,277,9,286,?
0,/home/luca/ISW2/bookkeeper/hedwig-server/src/test/java/org/apache/hedwig/server/persistence/TestReadAheadCacheWhiteBox.java,getReadAheadCount,4,2,1,0,0,0,1,0,0,0,false,2,2,277,9,286,?
0,/home/luca/ISW2/bookkeeper/hedwig-server/src/test/java/org/apache/hedwig/server/persistence/TestReadAheadCacheWhiteBox.java,getReadAheadSizeBytes,4,2,1,0,0,0,1,0,0,0,false,2,2,277,9,286,?
0,/home/luca/ISW2/bookkeeper/hedwig-server/src/test/java/org/apache/hedwig/server/persistence/TestReadAheadCacheWhiteBox.java,getMaximumCacheSize,4,2,1,0,0,0,1,0,0,0,false,2,2,277,9,286,?
0,/home/luca/ISW2/bookkeeper/hedwig-server/src/test/java/org/apache/hedwig/server/persistence/TestReadAheadCacheWhiteBox.java,setUp,5,3,1,0,0,0,0,1,1,0,false,2,2,277,9,286,?
0,/home/luca/ISW2/bookkeeper/hedwig-server/src/test/java/org/apache/hedwig/server/persistence/TestReadAheadCacheWhiteBox.java,tearDown,4,1,1,0,0,0,0,0,0,0,false,2,2,277,9,286,?
0,/home/luca/ISW2/bookkeeper/hedwig-server/src/test/java/org/apache/hedwig/server/persistence/TestReadAheadCacheWhiteBox.java,testPersistMessage,16,10,1,0,0,0,0,11,9,3,false,2,2,277,9,286,?
0,/home/luca/ISW2/bookkeeper/hedwig-server/src/test/java/org/apache/hedwig/server/persistence/TestReadAheadCacheWhiteBox.java,persistMessage,13,10,1,0,0,1,0,13,12,4,false,2,2,277,9,286,?
0,/home/luca/ISW2/bookkeeper/hedwig-server/src/test/java/org/apache/hedwig/server/persistence/TestReadAheadCacheWhiteBox.java,testScanSingleMessage,18,12,1,0,0,0,0,12,7,2,false,2,2,277,9,286,?
0,/home/luca/ISW2/bookkeeper/hedwig-server/src/test/java/org/apache/hedwig/server/persistence/TestReadAheadCacheWhiteBox.java,testDeliveredUntil,25,16,2,1,1,0,0,20,6,3,false,2,2,277,9,286,?
0,/home/luca/ISW2/bookkeeper/hedwig-server/src/test/java/org/apache/hedwig/server/persistence/TestReadAheadCacheWhiteBox.java,testDoReadAhead,17,11,1,0,0,0,0,9,3,2,false,2,2,277,9,286,?
0,/home/luca/ISW2/bookkeeper/hedwig-server/src/test/java/org/apache/hedwig/server/persistence/TestReadAheadCacheWhiteBox.java,testReadAheadSizeLimit,15,10,2,1,1,0,0,8,8,3,false,2,2,277,9,286,?
0,/home/luca/ISW2/bookkeeper/hedwig-server/src/test/java/org/apache/hedwig/server/persistence/TestReadAheadCacheWhiteBox.java,testDoReadAheadStartingFrom,27,19,1,0,0,0,0,10,6,7,false,2,2,277,9,286,?
0,/home/luca/ISW2/bookkeeper/hedwig-server/src/test/java/org/apache/hedwig/server/persistence/TestReadAheadCacheWhiteBox.java,testAddMessageToCache,12,9,1,0,0,0,0,16,7,2,false,2,2,277,9,286,?
0,/home/luca/ISW2/bookkeeper/hedwig-server/src/test/java/org/apache/hedwig/server/persistence/TestReadAheadCacheWhiteBox.java,testRemoveMessageFromCache,9,7,1,0,0,0,0,10,6,1,false,2,2,277,9,286,?
0,/home/luca/ISW2/bookkeeper/hedwig-server/src/test/java/org/apache/hedwig/server/persistence/TestReadAheadCacheWhiteBox.java,testCollectOldCacheEntries,15,12,2,1,1,0,0,6,4,4,false,2,2,277,9,286,?
0,/home/luca/ISW2/bookkeeper/hedwig-server/src/test/java/org/apache/hedwig/server/persistence/StubPersistenceManager.java,deliveredUntil,3,1,1,0,0,2,0,0,0,0,false,2,2,114,2,116,?
0,/home/luca/ISW2/bookkeeper/hedwig-server/src/test/java/org/apache/hedwig/server/persistence/StubPersistenceManager.java,consumedUntil,3,1,1,0,0,2,0,0,0,0,false,2,2,114,2,116,?
0,/home/luca/ISW2/bookkeeper/hedwig-server/src/test/java/org/apache/hedwig/server/persistence/StubPersistenceManager.java,newInstance,3,2,1,0,0,0,1,0,0,0,false,2,2,114,2,116,?
0,/home/luca/ISW2/bookkeeper/hedwig-server/src/test/java/org/apache/hedwig/server/persistence/StubPersistenceManager.java,getCurrentSeqIdForTopic,4,3,1,0,0,1,1,5,5,1,false,2,2,114,2,116,?
0,/home/luca/ISW2/bookkeeper/hedwig-server/src/test/java/org/apache/hedwig/server/persistence/StubPersistenceManager.java,getSeqIdAfterSkipping,3,2,1,0,0,3,1,0,0,0,false,2,2,114,2,116,?
0,/home/luca/ISW2/bookkeeper/hedwig-server/src/test/java/org/apache/hedwig/server/persistence/StubPersistenceManager.java,persistMessage,9,7,2,1,1,1,1,10,8,0,false,2,2,114,2,116,?
0,/home/luca/ISW2/bookkeeper/hedwig-server/src/test/java/org/apache/hedwig/server/persistence/StubPersistenceManager.java,scanSingleMessage,10,6,2,1,1,1,1,10,7,0,false,2,2,114,2,116,?
0,/home/luca/ISW2/bookkeeper/hedwig-server/src/test/java/org/apache/hedwig/server/persistence/StubPersistenceManager.java,scanMessages,29,23,5,2,4,1,3,25,14,6,false,2,2,114,2,116,?
0,/home/luca/ISW2/bookkeeper/hedwig-server/src/test/java/org/apache/hedwig/server/persistence/TestLocalDBPersistenceManagerBlackBox.java,tearDown,5,3,1,0,0,0,0,2,2,0,false,1,1,53,0,53,?
0,/home/luca/ISW2/bookkeeper/hedwig-server/src/test/java/org/apache/hedwig/server/persistence/TestLocalDBPersistenceManagerBlackBox.java,getLowestSeqId,4,2,1,0,0,0,1,0,0,0,false,1,1,53,0,53,?
0,/home/luca/ISW2/bookkeeper/hedwig-server/src/test/java/org/apache/hedwig/server/persistence/TestLocalDBPersistenceManagerBlackBox.java,instantiatePersistenceManager,4,2,1,0,0,0,1,1,1,0,false,1,1,53,0,53,?
0,/home/luca/ISW2/bookkeeper/hedwig-server/src/test/java/org/apache/hedwig/server/persistence/TestLocalDBPersistenceManagerBlackBox.java,getExpectedSeqId,4,2,1,0,0,1,1,0,0,0,false,1,1,53,0,53,?
0,/home/luca/ISW2/bookkeeper/hedwig-server/src/test/java/org/apache/hedwig/server/persistence/TestLocalDBPersistenceManagerBlackBox.java,suite,3,2,1,0,0,0,1,0,0,0,false,1,1,53,0,53,?
0,/home/luca/ISW2/bookkeeper/hedwig-server/src/test/java/org/apache/hedwig/server/persistence/TestBookkeeperPersistenceManagerWhiteBox.java,setUp,13,8,1,0,0,0,0,4,3,0,false,2,2,131,2,133,?
0,/home/luca/ISW2/bookkeeper/hedwig-server/src/test/java/org/apache/hedwig/server/persistence/TestBookkeeperPersistenceManagerWhiteBox.java,tearDown,6,3,1,0,0,0,0,2,1,0,false,2,2,131,2,133,?
0,/home/luca/ISW2/bookkeeper/hedwig-server/src/test/java/org/apache/hedwig/server/persistence/TestBookkeeperPersistenceManagerWhiteBox.java,testEmptyDirtyLedger,14,8,1,0,0,0,0,13,9,1,false,2,2,131,2,133,?
0,/home/luca/ISW2/bookkeeper/hedwig-server/src/test/java/org/apache/hedwig/server/persistence/TestBookkeeperPersistenceManagerWhiteBox.java,testNonEmptyDirtyLedger,41,29,4,2,3,0,0,31,18,11,false,2,2,131,2,133,?
0,/home/luca/ISW2/bookkeeper/hedwig-server/src/test/java/org/apache/hedwig/server/persistence/TestReadAheadCacheBlackBox.java,tearDown,5,3,1,0,0,0,0,3,3,0,false,1,1,54,0,54,?
0,/home/luca/ISW2/bookkeeper/hedwig-server/src/test/java/org/apache/hedwig/server/persistence/TestReadAheadCacheBlackBox.java,getExpectedSeqId,4,2,1,0,0,1,1,0,0,0,false,1,1,54,0,54,?
0,/home/luca/ISW2/bookkeeper/hedwig-server/src/test/java/org/apache/hedwig/server/persistence/TestReadAheadCacheBlackBox.java,getLowestSeqId,4,2,1,0,0,0,1,0,0,0,false,1,1,54,0,54,?
0,/home/luca/ISW2/bookkeeper/hedwig-server/src/test/java/org/apache/hedwig/server/persistence/TestReadAheadCacheBlackBox.java,instantiatePersistenceManager,4,2,1,0,0,0,1,2,2,0,false,1,1,54,0,54,?
0,/home/luca/ISW2/bookkeeper/hedwig-server/src/test/java/org/apache/hedwig/server/persistence/TestReadAheadCacheBlackBox.java,suite,3,2,1,0,0,0,1,0,0,0,false,1,1,54,0,54,?
0,/home/luca/ISW2/bookkeeper/hedwig-server/src/test/java/org/apache/hedwig/server/persistence/BookKeeperTestBase.java,getZooKeeperClient,3,2,1,0,0,0,1,0,0,0,false,8,3,186,18,204,?
0,/home/luca/ISW2/bookkeeper/hedwig-server/src/test/java/org/apache/hedwig/server/persistence/BookKeeperTestBase.java,testNothing,4,1,1,0,0,0,0,0,0,0,false,8,3,186,18,204,?
0,/home/luca/ISW2/bookkeeper/hedwig-server/src/test/java/org/apache/hedwig/server/persistence/BookKeeperTestBase.java,setUp,24,15,4,1,3,0,0,6,4,1,false,8,3,186,18,204,?
0,/home/luca/ISW2/bookkeeper/hedwig-server/src/test/java/org/apache/hedwig/server/persistence/BookKeeperTestBase.java,getZkHostPort,3,2,1,0,0,0,1,0,0,0,false,8,3,186,18,204,?
0,/home/luca/ISW2/bookkeeper/hedwig-server/src/test/java/org/apache/hedwig/server/persistence/BookKeeperTestBase.java,tearDown,15,10,3,1,2,0,0,4,4,1,false,8,3,186,18,204,?
0,/home/luca/ISW2/bookkeeper/hedwig-server/src/test/java/org/apache/hedwig/server/persistence/BookKeeperTestBase.java,tearDownOneBookieServer,11,10,2,0,1,0,0,6,6,3,false,8,3,186,18,204,?
0,/home/luca/ISW2/bookkeeper/hedwig-server/src/test/java/org/apache/hedwig/server/persistence/BookKeeperTestBase.java,startUpNewBookieServer,9,6,1,0,0,0,0,4,4,3,false,8,3,186,18,204,?
0,/home/luca/ISW2/bookkeeper/hedwig-server/src/test/java/org/apache/hedwig/server/persistence/BookKeeperTestBase.java,newServerConfiguration,12,11,2,1,1,4,1,6,5,3,false,8,3,186,18,204,?
0,/home/luca/ISW2/bookkeeper/hedwig-server/src/test/java/org/apache/hedwig/server/persistence/StubScanCallback.java,messageScanned,4,2,1,0,0,2,0,2,2,0,false,2,2,55,7,62,?
0,/home/luca/ISW2/bookkeeper/hedwig-server/src/test/java/org/apache/hedwig/server/persistence/StubScanCallback.java,scanFailed,4,2,1,0,0,2,0,2,2,0,false,2,2,55,7,62,?
0,/home/luca/ISW2/bookkeeper/hedwig-server/src/test/java/org/apache/hedwig/server/persistence/StubScanCallback.java,scanFinished,5,2,1,0,0,2,0,2,2,0,false,2,2,55,7,62,?
0,/home/luca/ISW2/bookkeeper/hedwig-server/src/test/java/org/apache/hedwig/server/persistence/TestBookKeeperPersistenceManagerBlackBox.java,setUp,9,4,1,0,0,0,0,2,1,0,false,2,2,79,3,82,?
0,/home/luca/ISW2/bookkeeper/hedwig-server/src/test/java/org/apache/hedwig/server/persistence/TestBookKeeperPersistenceManagerBlackBox.java,tearDown,6,3,1,0,0,0,0,2,1,0,false,2,2,79,3,82,?
0,/home/luca/ISW2/bookkeeper/hedwig-server/src/test/java/org/apache/hedwig/server/persistence/TestBookKeeperPersistenceManagerBlackBox.java,getLowestSeqId,4,2,1,0,0,0,1,0,0,0,false,2,2,79,3,82,?
0,/home/luca/ISW2/bookkeeper/hedwig-server/src/test/java/org/apache/hedwig/server/persistence/TestBookKeeperPersistenceManagerBlackBox.java,instantiatePersistenceManager,8,4,1,0,0,0,1,2,2,2,false,2,2,79,3,82,?
0,/home/luca/ISW2/bookkeeper/hedwig-server/src/test/java/org/apache/hedwig/server/persistence/TestBookKeeperPersistenceManagerBlackBox.java,getExpectedSeqId,4,2,1,0,0,1,1,0,0,0,false,2,2,79,3,82,?
0,/home/luca/ISW2/bookkeeper/hedwig-server/src/test/java/org/apache/hedwig/server/persistence/TestBookKeeperPersistenceManagerBlackBox.java,suite,3,2,1,0,0,0,1,0,0,0,false,2,2,79,3,82,?
0,/home/luca/ISW2/bookkeeper/hedwig-server/src/test/java/org/apache/hedwig/HelperMethods.java,getRandomPublishedMessages,6,3,1,0,0,2,1,4,2,1,false,2,2,60,2,62,?
0,/home/luca/ISW2/bookkeeper/hedwig-server/src/test/java/org/apache/hedwig/HelperMethods.java,getRandomPublishedMessages,10,8,2,1,1,3,1,8,8,3,false,2,2,60,2,62,?
0,/home/luca/ISW2/bookkeeper/hedwig-server/src/test/java/org/apache/hedwig/HelperMethods.java,areEqual,9,8,3,1,2,2,3,9,4,0,false,2,2,60,2,62,?
0,/home/luca/ISW2/bookkeeper/hedwig-server/src/test/java/org/apache/hedwig/zookeeper/ZooKeeperTestBase.java,operationFinished,8,4,1,0,0,2,0,2,2,0,false,2,2,93,1,94,?
0,/home/luca/ISW2/bookkeeper/hedwig-server/src/test/java/org/apache/hedwig/zookeeper/ZooKeeperTestBase.java,run,3,2,1,0,0,0,0,1,1,0,false,2,2,93,1,94,?
0,/home/luca/ISW2/bookkeeper/hedwig-server/src/test/java/org/apache/hedwig/zookeeper/ZooKeeperTestBase.java,operationFailed,8,4,1,0,0,2,0,2,2,0,false,2,2,93,1,94,?
0,/home/luca/ISW2/bookkeeper/hedwig-server/src/test/java/org/apache/hedwig/zookeeper/ZooKeeperTestBase.java,run,3,2,1,0,0,0,0,1,1,0,false,2,2,93,1,94,?
0,/home/luca/ISW2/bookkeeper/hedwig-server/src/test/java/org/apache/hedwig/zookeeper/ZooKeeperTestBase.java,processResult,4,2,1,0,0,4,0,2,2,0,false,2,2,93,1,94,?
0,/home/luca/ISW2/bookkeeper/hedwig-server/src/test/java/org/apache/hedwig/zookeeper/ZooKeeperTestBase.java,processResult,4,2,1,0,0,3,0,2,2,0,false,2,2,93,1,94,?
0,/home/luca/ISW2/bookkeeper/hedwig-server/src/test/java/org/apache/hedwig/zookeeper/ZooKeeperTestBase.java,setUp,6,3,1,0,0,0,0,2,2,0,false,2,2,93,1,94,?
0,/home/luca/ISW2/bookkeeper/hedwig-server/src/test/java/org/apache/hedwig/zookeeper/ZooKeeperTestBase.java,tearDown,6,3,1,0,0,0,0,2,2,0,false,2,2,93,1,94,?
0,/home/luca/ISW2/bookkeeper/hedwig-server/src/test/java/org/apache/hedwig/zookeeper/TestZkUtils.java,testCreateFullPathOptimistic,9,4,1,0,0,0,0,3,1,0,false,1,1,47,0,47,?
0,/home/luca/ISW2/bookkeeper/hedwig-server/src/test/java/org/apache/hedwig/zookeeper/TestZkUtils.java,testPath,7,5,1,0,0,2,0,6,5,1,false,1,1,47,0,47,?
0,/home/luca/ISW2/bookkeeper/hedwig-server/src/test/java/org/apache/hedwig/StubCallback.java,operationFailed,10,4,1,0,0,2,0,3,3,0,false,1,1,51,0,51,?
0,/home/luca/ISW2/bookkeeper/hedwig-server/src/test/java/org/apache/hedwig/StubCallback.java,run,5,2,1,0,0,0,0,2,2,0,false,1,1,51,0,51,?
0,/home/luca/ISW2/bookkeeper/hedwig-server/src/test/java/org/apache/hedwig/StubCallback.java,operationFinished,9,4,1,0,0,2,0,3,3,0,false,1,1,51,0,51,?
0,/home/luca/ISW2/bookkeeper/hedwig-server/src/test/java/org/apache/hedwig/StubCallback.java,run,5,2,1,0,0,0,0,2,2,0,false,1,1,51,0,51,?
0,/home/luca/ISW2/bookkeeper/hedwig-server/src/test/java/org/apache/hedwig/StubScanCallback.java,messageScanned,4,3,1,0,0,2,0,1,1,0,false,1,1,57,0,57,?
0,/home/luca/ISW2/bookkeeper/hedwig-server/src/test/java/org/apache/hedwig/StubScanCallback.java,scanFailed,4,3,1,0,0,2,0,0,0,0,false,1,1,57,0,57,?
0,/home/luca/ISW2/bookkeeper/hedwig-server/src/test/java/org/apache/hedwig/StubScanCallback.java,scanFinished,4,3,1,0,0,2,0,0,0,0,false,1,1,57,0,57,?
0,/home/luca/ISW2/bookkeeper/hedwig-server/src/test/java/org/apache/hedwig/StubScanCallback.java,getMessages,3,2,1,0,0,0,1,0,0,0,false,1,1,57,0,57,?
0,/home/luca/ISW2/bookkeeper/hedwig-server/src/test/java/org/apache/hedwig/StubScanCallback.java,isSuccess,3,2,1,0,0,0,1,0,0,0,false,1,1,57,0,57,?
0,/home/luca/ISW2/bookkeeper/hedwig-server/src/test/java/org/apache/hedwig/StubScanCallback.java,isFailed,3,2,1,0,0,0,1,0,0,0,false,1,1,57,0,57,?
0,/home/luca/ISW2/bookkeeper/hedwig-server/src/test/java/org/apache/hedwig/client/TestPubSubClient.java,operationFinished,11,6,2,1,1,2,0,4,4,0,false,3,2,250,20,270,?
0,/home/luca/ISW2/bookkeeper/hedwig-server/src/test/java/org/apache/hedwig/client/TestPubSubClient.java,run,6,4,2,1,1,0,0,3,3,0,false,3,2,250,20,270,?
0,/home/luca/ISW2/bookkeeper/hedwig-server/src/test/java/org/apache/hedwig/client/TestPubSubClient.java,operationFailed,10,5,1,0,0,2,0,3,3,0,false,3,2,250,20,270,?
0,/home/luca/ISW2/bookkeeper/hedwig-server/src/test/java/org/apache/hedwig/client/TestPubSubClient.java,run,5,3,1,0,0,0,0,2,2,0,false,3,2,250,20,270,?
0,/home/luca/ISW2/bookkeeper/hedwig-server/src/test/java/org/apache/hedwig/client/TestPubSubClient.java,deliver,12,7,2,1,1,5,0,5,5,0,false,3,2,250,20,270,?
0,/home/luca/ISW2/bookkeeper/hedwig-server/src/test/java/org/apache/hedwig/client/TestPubSubClient.java,run,6,4,2,1,1,0,0,3,3,0,false,3,2,250,20,270,?
0,/home/luca/ISW2/bookkeeper/hedwig-server/src/test/java/org/apache/hedwig/client/TestPubSubClient.java,setUp,8,5,1,0,0,0,0,3,3,0,false,3,2,250,20,270,?
0,/home/luca/ISW2/bookkeeper/hedwig-server/src/test/java/org/apache/hedwig/client/TestPubSubClient.java,tearDown,6,3,1,0,0,0,0,2,2,0,false,3,2,250,20,270,?
0,/home/luca/ISW2/bookkeeper/hedwig-server/src/test/java/org/apache/hedwig/client/TestPubSubClient.java,testSyncPublish,11,8,2,0,1,0,0,7,6,1,false,3,2,250,20,270,?
0,/home/luca/ISW2/bookkeeper/hedwig-server/src/test/java/org/apache/hedwig/client/TestPubSubClient.java,testAsyncPublish,6,3,1,0,0,0,0,8,7,0,false,3,2,250,20,270,?
0,/home/luca/ISW2/bookkeeper/hedwig-server/src/test/java/org/apache/hedwig/client/TestPubSubClient.java,testMultipleAsyncPublish,15,9,1,0,0,0,0,23,7,2,false,3,2,250,20,270,?
0,/home/luca/ISW2/bookkeeper/hedwig-server/src/test/java/org/apache/hedwig/client/TestPubSubClient.java,testSyncSubscribe,10,8,2,0,1,0,0,4,3,1,false,3,2,250,20,270,?
0,/home/luca/ISW2/bookkeeper/hedwig-server/src/test/java/org/apache/hedwig/client/TestPubSubClient.java,testAsyncSubscribe,6,3,1,0,0,0,0,5,4,0,false,3,2,250,20,270,?
0,/home/luca/ISW2/bookkeeper/hedwig-server/src/test/java/org/apache/hedwig/client/TestPubSubClient.java,testSubscribeAndConsume,33,21,1,0,0,0,0,51,9,2,false,3,2,250,20,270,?
0,/home/luca/ISW2/bookkeeper/hedwig-server/src/test/java/org/apache/hedwig/client/TestPubSubClient.java,testAsyncSubscribeAndUnsubscribe,9,7,1,0,0,0,0,8,5,2,false,3,2,250,20,270,?
0,/home/luca/ISW2/bookkeeper/hedwig-server/src/test/java/org/apache/hedwig/client/TestPubSubClient.java,testSyncUnsubscribeWithoutSubscription,12,10,3,0,2,0,0,4,3,1,false,3,2,250,20,270,?
0,/home/luca/ISW2/bookkeeper/hedwig-server/src/test/java/org/apache/hedwig/client/TestPubSubClient.java,testAsyncSubscribeAndCloseSubscription,9,7,1,0,0,0,0,7,5,2,false,3,2,250,20,270,?
0,/home/luca/ISW2/bookkeeper/hedwig-server/src/main/java/org/apache/hedwig/server/netty/UmbrellaHandler.java,exceptionCaught,26,11,3,2,2,2,0,8,8,2,false,3,2,163,4,167,?
0,/home/luca/ISW2/bookkeeper/hedwig-server/src/main/java/org/apache/hedwig/server/netty/UmbrellaHandler.java,channelOpen,9,4,2,1,1,2,0,2,2,0,false,3,2,163,4,167,?
0,/home/luca/ISW2/bookkeeper/hedwig-server/src/main/java/org/apache/hedwig/server/netty/UmbrellaHandler.java,channelConnected,17,13,4,3,3,2,0,12,10,0,false,3,2,163,4,167,?
0,/home/luca/ISW2/bookkeeper/hedwig-server/src/main/java/org/apache/hedwig/server/netty/UmbrellaHandler.java,operationComplete,10,9,3,2,2,1,0,7,6,0,false,3,2,163,4,167,?
0,/home/luca/ISW2/bookkeeper/hedwig-server/src/main/java/org/apache/hedwig/server/netty/UmbrellaHandler.java,channelDisconnected,7,4,1,0,0,2,0,3,3,1,false,3,2,163,4,167,?
0,/home/luca/ISW2/bookkeeper/hedwig-server/src/main/java/org/apache/hedwig/server/netty/UmbrellaHandler.java,sendErrorResponseToMalformedRequest,8,7,2,1,1,3,0,5,5,2,false,3,2,163,4,167,?
0,/home/luca/ISW2/bookkeeper/hedwig-server/src/main/java/org/apache/hedwig/server/netty/UmbrellaHandler.java,messageReceived,22,14,3,1,2,2,2,11,9,4,false,3,2,163,4,167,?
0,/home/luca/ISW2/bookkeeper/hedwig-server/src/main/java/org/apache/hedwig/server/netty/PubSubServer.java,instantiatePersistenceManager,30,20,4,1,3,1,1,7,7,3,false,6,3,400,15,415,?
0,/home/luca/ISW2/bookkeeper/hedwig-server/src/main/java/org/apache/hedwig/server/netty/PubSubServer.java,instantiateSubscriptionManager,8,6,2,1,1,2,2,1,1,0,false,6,3,400,15,415,?
0,/home/luca/ISW2/bookkeeper/hedwig-server/src/main/java/org/apache/hedwig/server/netty/PubSubServer.java,instantiateRegionManager,3,2,1,0,0,2,1,0,0,0,false,6,3,400,15,415,?
0,/home/luca/ISW2/bookkeeper/hedwig-server/src/main/java/org/apache/hedwig/server/netty/PubSubServer.java,instantiateZookeeperClient,21,13,4,2,3,0,0,11,8,1,false,6,3,400,15,415,?
0,/home/luca/ISW2/bookkeeper/hedwig-server/src/main/java/org/apache/hedwig/server/netty/PubSubServer.java,process,6,4,2,1,1,1,0,3,3,0,false,6,3,400,15,415,?
0,/home/luca/ISW2/bookkeeper/hedwig-server/src/main/java/org/apache/hedwig/server/netty/PubSubServer.java,instantiateTopicManager,15,13,3,1,2,0,1,2,2,1,false,6,3,400,15,415,?
0,/home/luca/ISW2/bookkeeper/hedwig-server/src/main/java/org/apache/hedwig/server/netty/PubSubServer.java,initializeNettyHandlers,10,8,1,0,0,4,1,5,2,1,false,6,3,400,15,415,?
0,/home/luca/ISW2/bookkeeper/hedwig-server/src/main/java/org/apache/hedwig/server/netty/PubSubServer.java,initializeNetty,18,12,1,0,0,2,0,11,9,4,false,6,3,400,15,415,?
0,/home/luca/ISW2/bookkeeper/hedwig-server/src/main/java/org/apache/hedwig/server/netty/PubSubServer.java,shutdown,42,25,8,1,7,0,0,13,6,0,false,6,3,400,15,415,?
0,/home/luca/ISW2/bookkeeper/hedwig-server/src/main/java/org/apache/hedwig/server/netty/PubSubServer.java,uncaughtException,4,2,1,0,0,2,0,1,1,0,false,6,3,400,15,415,?
0,/home/luca/ISW2/bookkeeper/hedwig-server/src/main/java/org/apache/hedwig/server/netty/PubSubServer.java,run,36,23,3,1,2,0,1,19,14,1,false,6,3,400,15,415,?
0,/home/luca/ISW2/bookkeeper/hedwig-server/src/main/java/org/apache/hedwig/server/netty/PubSubServer.java,errorMsgAndExit,5,4,1,0,0,3,0,3,3,0,true,6,3,400,15,415,?
